{
  "minecraft:recipes/decorations/item_frame": {
    "criteria": {
      "has_leather": "2019-11-18 03:50:45 +0000"
    },
    "done": true
  },
  "minecraft:recipes/combat/leather_chestplate": {
    "criteria": {
      "has_leather": "2019-11-18 03:50:45 +0000"
    },
    "done": true
  },
  "minecraft:adventure/root": {
    "criteria": {
      "killed_something": "2019-11-18 03:50:29 +0000"
    },
    "done": true
  },
  "minecraft:recipes/decorations/chest": {
    "criteria": {
      "has_lots_of_items": "2019-11-18 03:50:45 +0000"
    },
    "done": true
  },
  "minecraft:recipes/combat/leather_boots": {
    "criteria": {
      "has_leather": "2019-11-18 03:50:45 +0000"
    },
    "done": true
  },
  "minecraft:adventure/kill_a_mob": {
    "criteria": {
      "zombie": "2019-11-18 03:58:20 +0000"
    },
    "done": true
  },
  "minecraft:adventure/kill_all_mobs": {
    "criteria": {
      "skeleton": "2019-11-18 03:58:48 +0000",
      "zombie": "2019-11-18 03:58:20 +0000",
      "creeper": "2019-11-18 10:37:27 +0000"
    },
    "done": false
  },
  "cfm:root": {
    "criteria": {
      "tick": "2019-11-18 03:40:30 +0000"
    },
    "done": true
  },
  "minecraft:recipes/combat/leather_helmet": {
    "criteria": {
      "has_leather": "2019-11-18 03:50:45 +0000"
    },
    "done": true
  },
  "cfm:install": {
    "criteria": {
      "tick": "2019-11-18 03:40:30 +0000"
    },
    "done": true
  },
  "minecraft:adventure/adventuring_time": {
    "criteria": {
      "swampland": "2019-11-18 03:40:29 +0000",
      "extreme_hills_with_trees": "2019-11-18 03:45:29 +0000",
      "desert_hills": "2019-11-18 03:45:13 +0000",
      "plains": "2019-11-18 03:43:22 +0000",
      "extreme_hills": "2019-11-18 03:44:10 +0000",
      "river": "2019-11-18 03:44:07 +0000",
      "desert": "2019-11-18 03:45:01 +0000"
    },
    "done": false
  },
  "minecraft:recipes/combat/leather_leggings": {
    "criteria": {
      "has_leather": "2019-11-18 03:50:45 +0000"
    },
    "done": true
  }
}