{"stat.useItem.minecraft.quartz_block":401,"stat.useItem.minecraft.painting":191,"stat.horseOneCm":698514,"stat.useItem.minecraft.quartz_stairs":2,"stat.leaveGame":36,"stat.useItem.minecraft.bookshelf":1,"stat.useItem.minecraft.diamond_sword":10,"stat.useItem.minecraft.carpet":2,"stat.useItem.minecraft.stained_glass_pane":41,"stat.jump":1705,"stat.swimOneCm":4330,"stat.climbOneCm":106139,"stat.crouchOneCm":3000,"stat.useItem.minecraft.dirt":765,"achievement.exploreAllBiomes":{"value":0,"progress":["Sunflower Plains","ForestHills","Extreme Hills M","Plains","Beach","DesertHills","Extreme Hills+","Forest","River","Ocean","Desert","Extreme Hills","Swampland","Deep Ocean","Savanna","Swampland M"]},"stat.useItem.minecraft.red_flower":269,"stat.useItem.minecraft.sapling":2,"stat.useItem.minecraft.rail":5,"stat.flyOneCm":4072975,"stat.damageDealt":910,"stat.useItem.minecraft.wool":17,"stat.timeSinceDeath":94034,"stat.useItem.minecraft.sign":9,"stat.useItem.minecraft.spawn_egg":3,"stat.walkOneCm":885390,"stat.animalsBred":1,"stat.useItem.minecraft.chest":2,"stat.killEntity.Wolf":2,"stat.useItem.minecraft.acacia_stairs":2,"stat.minecartOneCm":370,"stat.useItem.minecraft.minecart":3,"stat.useItem.minecraft.yellow_flower":2,"stat.useItem.minecraft.spruce_stairs":34,"stat.useItem.minecraft.stained_hardened_clay":1,"stat.sprintOneCm":291705,"stat.useItem.minecraft.stained_glass":19,"stat.useItem.minecraft.tallgrass":22,"stat.useItem.minecraft.dark_oak_door":1,"stat.useItem.minecraft.stone_slab":3,"achievement.openInventory":68,"stat.useItem.minecraft.flint_and_steel":1,"stat.killEntity.Spider":1,"stat.mobKills":4,"stat.useItem.minecraft.stonebrick":1,"stat.useItem.minecraft.dye":8,"stat.deaths":14,"stat.drop":1,"stat.playOneMinute":387735,"stat.useItem.minecraft.cake":2,"stat.useItem.minecraft.jungle_stairs":5,"stat.useItem.minecraft.ladder":1,"stat.killEntity.Zombie":1,"stat.useItem.minecraft.birch_stairs":1,"stat.diveOneCm":3176}