{"stat.useItem.minecraft.chest":57,"stat.useItem.minecraft.fence_gate":20,"stat.useItem.minecraft.ice":13,"stat.useItem.minecraft.iron_bars":608,"stat.useItem.minecraft.stone_brick_stairs":434,"stat.mineBlock.minecraft.sand":63,"stat.useItem.minecraft.web":4,"stat.sneakTime":2427,"stat.useItem.minecraft.cobblestone":259,"stat.useItem.minecraft.stone_button":11,"stat.useItem.minecraft.leaves":1782,"stat.useItem.minecraft.netherrack":2,"stat.useItem.minecraft.quartz_block":18977,"stat.craftItem.minecraft.wooden_hoe":1,"stat.useItem.minecraft.command_block":2,"stat.mineBlock.minecraft.jungle_stairs":2,"stat.useItem.minecraft.stained_glass":25988,"stat.useItem.minecraft.dark_oak_stairs":78,"achievement.openInventory":1413,"stat.damageDealt":2180,"stat.useItem.minecraft.fence":69,"stat.useItem.minecraft.item_frame":7,"stat.useItem.minecraft.brick_block":438,"stat.useItem.minecraft.iron_block":153,"stat.useItem.minecraft.spruce_fence":38,"stat.killEntity.Cow":15,"stat.crouchOneCm":53367,"stat.useItem.minecraft.stained_glass_pane":1059,"stat.useItem.minecraft.packed_ice":66,"stat.mineBlock.minecraft.red_mushroom":2,"stat.useItem.minecraft.acacia_door":14,"stat.useItem.minecraft.sticky_piston":19,"achievement.exploreAllBiomes":{"value":0,"progress":["Extreme Hills M","Desert","Deep Ocean","Taiga","Extreme Hills","Swampland M","Savanna Plateau","Birch Forest Hills","DesertHills","Birch Forest","Savanna M","Savanna","Swampland","River","Sunflower Plains","Extreme Hills+","Flower Forest","Ocean","Plains","TaigaHills","ForestHills","Forest","Birch Forest M","Beach","Roofed Forest","Savanna Plateau M","Stone Beach"]},"stat.useItem.minecraft.log":5,"stat.useItem.minecraft.melon_block":1,"stat.useItem.minecraft.snowball":207,"stat.mineBlock.minecraft.log":78,"stat.useItem.minecraft.hay_block":3,"stat.craftItem.minecraft.leather_helmet":1,"stat.useItem.minecraft.planks":808,"stat.talkedToVillager":1,"stat.useItem.minecraft.quartz_stairs":261,"stat.fallOneCm":13959,"stat.flyOneCm":65225028,"stat.useItem.minecraft.jungle_stairs":130,"stat.useItem.minecraft.red_flower":29,"stat.damageTaken":4501,"stat.useItem.minecraft.torch":4191,"stat.useItem.minecraft.boat":24,"stat.useItem.minecraft.bed":49,"stat.useItem.minecraft.monster_egg":271,"stat.useItem.minecraft.diamond_sword":287,"stat.useItem.minecraft.water_bucket":101,"stat.useItem.minecraft.sponge":130,"stat.useItem.minecraft.oak_stairs":8,"stat.useItem.minecraft.dropper":21,"stat.craftItem.minecraft.wooden_shovel":1,"stat.useItem.minecraft.stained_hardened_clay":16887,"stat.useItem.minecraft.stonebrick":1586,"achievement.buildWorkBench":1,"stat.useItem.minecraft.golden_rail":150,"stat.useItem.minecraft.clay":7117,"stat.useItem.minecraft.dye":1078,"stat.useItem.minecraft.stone":336,"stat.useItem.minecraft.furnace":10,"stat.useItem.minecraft.birch_door":6,"stat.useItem.minecraft.flower_pot":15,"stat.useItem.minecraft.trapped_chest":33,"stat.useItem.minecraft.ladder":363,"stat.useItem.minecraft.double_plant":1,"stat.useItem.minecraft.enchanting_table":6,"stat.useItem.minecraft.hardened_clay":4,"stat.useItem.minecraft.flint_and_steel":74,"stat.climbOneCm":198661,"stat.useItem.minecraft.redstone":139,"stat.useItem.minecraft.sapling":10,"stat.mineBlock.minecraft.pumpkin":13,"stat.drop":44,"stat.useItem.minecraft.diamond_block":241,"stat.useItem.minecraft.repeater":33,"stat.useItem.minecraft.stone_pressure_plate":4,"achievement.buildHoe":1,"stat.useItem.minecraft.comparator":3,"stat.useItem.minecraft.glowstone":8,"stat.useItem.minecraft.bow":296,"achievement.mineWood":78,"stat.useItem.minecraft.gold_block":9,"stat.useItem.minecraft.diamond_ore":104,"stat.useItem.minecraft.stone_slab":23590,"stat.killEntity.Creeper":1,"stat.useItem.minecraft.jungle_fence":37,"stat.mineBlock.minecraft.planks":1,"stat.useItem.minecraft.lapis_block":121,"stat.useItem.minecraft.crafting_table":30,"stat.playOneMinute":4959654,"stat.useItem.minecraft.redstone_torch":36,"stat.useItem.minecraft.birch_fence":786,"stat.leaveGame":684,"stat.diveOneCm":113818,"stat.useItem.minecraft.lever":9,"stat.useItem.minecraft.gold_ore":60,"stat.useItem.minecraft.glass":317,"stat.useItem.minecraft.ender_pearl":16,"stat.timeSinceDeath":211001,"stat.useItem.minecraft.birch_fence_gate":26,"stat.useItem.minecraft.iron_trapdoor":6,"stat.useItem.minecraft.ender_eye":57,"stat.useItem.minecraft.gravel":53,"stat.mineBlock.minecraft.leaves":25,"stat.useItem.minecraft.emerald_block":144,"stat.craftItem.minecraft.stick":8,"stat.boatOneCm":1016443,"stat.useItem.minecraft.painting":482,"stat.useItem.minecraft.wool":10514,"stat.useItem.minecraft.nether_brick":114,"stat.entityKilledBy.Skeleton":3,"stat.swimOneCm":159607,"stat.useItem.minecraft.sandstone_stairs":6,"stat.useItem.minecraft.dark_oak_door":29,"stat.horseOneCm":9323477,"stat.walkOneCm":6282525,"stat.useItem.minecraft.sandstone":926,"stat.useItem.minecraft.dark_oak_fence":116,"stat.useItem.minecraft.carpet":3332,"stat.jump":4998,"stat.useItem.minecraft.beacon":79,"stat.entityKilledBy.Zombie":2,"stat.useItem.minecraft.beef":16,"stat.entityKilledBy.Enderman":2,"stat.useItem.minecraft.apple":3,"stat.mineBlock.minecraft.tallgrass":2,"stat.useItem.minecraft.daylight_detector":127,"stat.useItem.minecraft.cobblestone_wall":800,"stat.deaths":27,"stat.useItem.minecraft.vine":90,"stat.useItem.minecraft.wooden_slab":1284,"stat.craftItem.minecraft.crafting_table":1,"stat.mobKills":17,"stat.craftItem.minecraft.planks":38,"stat.killEntity.Zombie":1,"stat.useItem.minecraft.sign":111,"stat.mineBlock.minecraft.dirt":43,"stat.useItem.minecraft.birch_stairs":18,"stat.useItem.minecraft.bookshelf":168,"stat.useItem.minecraft.stone_slab2":141,"stat.useItem.minecraft.armor_stand":17,"stat.useItem.minecraft.cauldron":1,"stat.useItem.minecraft.piston":5,"stat.useItem.minecraft.banner":555,"stat.useItem.minecraft.tallgrass":2,"stat.useItem.minecraft.quartz_ore":1,"stat.useItem.minecraft.sea_lantern":2589,"stat.sprintOneCm":1195127,"stat.useItem.minecraft.dirt":2068}