{"stat.pickup.flansmod.gt3rs":4,"stat.useItem.cfm.fire_alarm_off":1,"stat.pickup.flansmod.ak47ammo":47,"stat.pickup.minecraft.sign":5,"stat.leaveGame":23,"stat.pickup.flansmod.acr":2,"stat.pickup.flansmod.l96":7,"stat.pickup.minecraft.stained_glass_pane":1,"stat.pickup.flansmod.rpkammo":17,"stat.jump":587,"stat.swimOneCm":1728,"stat.fallOneCm":10769,"stat.climbOneCm":1596,"stat.pickup.minecraft.glowstone":7,"stat.crouchOneCm":15503,"stat.pickup.flansmod.hellcat":1,"stat.pickup.flansmod.hk416":1,"stat.useItem.minecraft.stone_slab2":1076,"stat.pickup.flansmod.acrammo":15,"stat.pickup.minecraft.leaves":1,"stat.damageTaken":3765,"stat.pickup.minecraft.monster_egg":2,"stat.pickup.minecraft.dye":1,"stat.pickup.minecraft.planks":6,"stat.pickup.flansmod.l96ammo":8,"stat.flyOneCm":645916,"stat.pickup.minecraft.concrete":1,"stat.pickup.minecraft.wheat_seeds":1,"stat.pickup.elevatorid.elevator_white":1,"stat.pickup.flansmod.ak47":8,"stat.damageDealt":31,"stat.pickup.cfm.fire_alarm_off":1,"stat.timeSinceDeath":12783,"stat.killEntity.Cow":6,"stat.pickup.minecraft.mossy_cobblestone":2,"stat.walkOneCm":550297,"stat.playerKills":4,"stat.pickup.flansmod.chop2":14,"stat.pickup.flansmod.ak74ammo":3,"stat.pickup.minecraft.carpet":8,"stat.useItem.minecraft.cooked_fish":8,"stat.pickup.minecraft.beef":15,"stat.drop.minecraft.stained_hardened_clay":1,"stat.pickup.flansmod.molotovcocktail":10,"stat.pickup.flansmod.fuelcan":7,"stat.sprintOneCm":117655,"stat.pickup.flansmod.bulldozerboots":2,"stat.killEntity.Skeleton":1,"stat.pickup.flansmod.m16a4ammo":8,"stat.killEntity.Horse":1,"stat.pickup.cfm.freezer":1,"stat.mobKills":8,"stat.pickup.minecraft.saddle":2,"stat.pickup.cfm.bar_stool":1,"stat.deaths":13,"stat.drop":1,"stat.playOneMinute":288934,"stat.pickup.minecraft.torch":8,"stat.killEntity.Sheep":1,"stat.sneakTime":7188,"stat.pickup.flansmod.rpk":2,"stat.pickup.minecraft.cooked_fish":422,"stat.pickup.cfm.ceiling_light_off":1,"stat.mineBlock.minecraft.tallgrass":1,"stat.diveOneCm":10075}