{"stat.walkOneCm":22508,"stat.leaveGame":3,"stat.pickup.minecraft.arrow":1,"stat.killEntity.Creeper":2,"stat.drop.minecraft.spawn_egg":1,"stat.jump":24,"stat.fallOneCm":1678,"stat.pickup.minecraft.beef":2,"stat.pickup.flansmod.ec665":1,"stat.crouchOneCm":232,"stat.useItem.minecraft.stone_slab2":2,"stat.killEntity.Skeleton":2,"stat.damageTaken":90,"stat.pickup.minecraft.leather":1,"stat.drop.flansmod.roll":1,"stat.mobKills":7,"stat.flyOneCm":82423,"stat.drop":2,"stat.playOneMinute":20689,"stat.sneakTime":96,"stat.damageDealt":400,"stat.killEntity.Zombie":2,"stat.timeSinceDeath":20689,"stat.killEntity.Cow":1,"stat.useItem.minecraft.spawn_egg":1}