{"stat.chestOpened":1,"stat.walkOneCm":134232,"stat.pickup.minecraft.bone":2,"stat.playerKills":1,"stat.pickup.minecraft.redstone_torch":1,"stat.pickup.flansmod.chop2":9,"stat.leaveGame":18,"stat.pickup.minecraft.arrow":1,"stat.pickup.flansmod.acr":1,"stat.pickup.flansmod.ak74ammo":1,"stat.pickup.flansmod.l96":1,"stat.killEntity.Creeper":1,"stat.drop.minecraft.stone_slab":1,"stat.pickup.minecraft.filled_map":1,"stat.jump":227,"stat.swimOneCm":275,"stat.climbOneCm":1098,"stat.fallOneCm":8560,"stat.pickup.minecraft.glowstone":4,"stat.pickup.minecraft.cooked_porkchop":64,"stat.pickup.minecraft.gunpowder":2,"stat.crouchOneCm":442,"stat.pickup.flansmod.rainbowpaintcan":1,"stat.pickup.flansmod.blacksweater":1,"stat.pickup.flansmod.m16a4":1,"stat.sprintOneCm":29942,"stat.useItem.minecraft.stone_slab2":607,"stat.pickup.flansmod.acrammo":4,"stat.killEntity.Skeleton":1,"stat.pickup.flansmod.m16a4ammo":4,"stat.pickup.flansmod.bulldozerhelmet":1,"stat.pickup.minecraft.leaves":1,"stat.damageTaken":1492,"stat.drop.minecraft.filled_map":2,"stat.mobKills":4,"stat.flyOneCm":1073257,"stat.deaths":6,"stat.drop":3,"stat.playOneMinute":134332,"stat.pickup.flansmod.bulldozerlegs":1,"stat.pickup.flansmod.ak47":2,"stat.sneakTime":1092,"stat.killEntity.Zombie":2,"stat.timeSinceDeath":0,"stat.diveOneCm":494,"stat.pickup.flansmod.g63":1}