{"stat.leaveGame":27,"stat.useItem.cfm.item_envelope":3,"stat.drop.flansmod.rainbowpaintcan":1,"stat.pickup.flansmod.l96":4,"stat.pickup.minecraft.flower_pot":4,"stat.mineBlock.minecraft.stained_glass":2,"stat.swimOneCm":28474,"stat.drop.cfm.item_soap":2,"stat.climbOneCm":1892,"stat.pickup.minecraft.glowstone":4,"stat.pickup.minecraft.cooked_porkchop":128,"stat.pickup.minecraft.glass":1,"stat.pickup.flansmod.hk416":3,"stat.useItem.minecraft.stone_slab2":3931,"stat.useItem.minecraft.water_bucket":531,"stat.pickup.cfm.item_soap":1,"stat.pickup.flansmod.largewheel":1,"stat.pickup.flansmod.sg550ammo":8,"stat.pickup.flansmod.is2":2,"stat.drop.minecraft.fence":1,"stat.pickup.flansmod.l96ammo":23,"stat.flyOneCm":696469,"stat.timeSinceDeath":13040,"stat.useItem.minecraft.wooden_slab":1,"stat.pickup.minecraft.mutton":3,"stat.pickup.minecraft.carpet":25,"stat.pickup.minecraft.beef":11,"stat.sprintOneCm":130210,"stat.pickup.flansmod.hind":1,"stat.useItem.minecraft.fence":3,"stat.pickup.minecraft.saddle":2,"stat.pickup.flansmod.mim23":1,"stat.useItem.minecraft.beef":5,"stat.deaths":5,"stat.drop":22,"stat.playOneMinute":381218,"stat.killEntity.Sheep":1,"stat.killEntity.Zombie":1,"stat.pickup.flansmod.rpk":2,"stat.diveOneCm":25792,"stat.pickup.flansmod.ak47ammo":8,"stat.pickup.flansmod.littlebird":3,"stat.drop.minecraft.ladder":1,"stat.pickup.flansmod.british2pdrapshell":8,"stat.pickup.minecraft.stained_glass_pane":1,"stat.useItem.minecraft.carpet":233,"stat.pickup.flansmod.rpkammo":15,"stat.useItem.minecraft.flower_pot":1,"stat.jump":887,"stat.pickup.minecraft.fence":3,"stat.fallOneCm":3151,"stat.crouchOneCm":1867,"stat.useItem.cfm.tv_remote":4,"stat.pickup.flansmod.chop":5,"stat.pickup.flansmod.acrammo":14,"stat.drop.minecraft.stained_glass_pane":1,"stat.drop.flansmod.chop":1,"stat.pickup.minecraft.repeater":5,"stat.pickup.minecraft.leather":10,"stat.damageTaken":3561,"stat.pickup.minecraft.written_book":4,"stat.drop.flansmod.rpkammo":4,"stat.pickup.minecraft.stained_glass":1,"stat.damageDealt":10,"stat.killEntity.Cow":6,"stat.walkOneCm":579246,"stat.playerKills":13,"stat.pickup.flansmod.chop2":1,"stat.drop.flansmod.hk416":1,"stat.drop.elevatorid.elevator_white":1,"stat.useItem.cfm.chair_oak":4,"stat.pickup.flansmod.claymore":29,"stat.pickup.flansmod.ec665":1,"stat.pickup.flansmod.m1887":2,"stat.useItem.minecraft.tallgrass":20,"stat.killEntity.Skeleton":1,"stat.pickup.flansmod.m16a4ammo":38,"stat.pickup.flansmod.cobra":2,"stat.drop.flansmod.stielhandgranate":4,"stat.killEntity.Spider":4,"stat.mobKills":15,"stat.drop.minecraft.written_book":4,"stat.pickup.flansmod.g36ammo":11,"stat.useItem.minecraft.writable_book":2,"stat.pickup.flansmod.c4":100,"stat.pickup.minecraft.torch":15,"stat.sneakTime":3605,"stat.pickup.minecraft.wool":2,"stat.drop.flansmod.rpk":1,"stat.pickup.cfm.chair_oak":2}