{"stat.pickup.minecraft.rotten_flesh":2,"stat.pickup.minecraft.sand":3,"stat.walkOneCm":77829,"stat.killEntity.Chicken":2,"stat.leaveGame":1,"stat.damageTaken":215,"stat.useItem.minecraft.cobblestone":1,"stat.pickup.minecraft.cobblestone":3,"stat.mobKills":12,"stat.pickup.minecraft.log2":3,"stat.flyOneCm":36706,"stat.pickup.flansmod.at4":12,"stat.jump":128,"stat.swimOneCm":3016,"stat.playOneMinute":34236,"stat.fallOneCm":1254,"stat.killEntity.Sheep":6,"stat.sneakTime":436,"stat.crouchOneCm":3,"stat.killEntity.Zombie":2,"stat.timeSinceDeath":34236,"stat.pickup.minecraft.dirt":15,"stat.killEntity.Cow":2,"stat.sprintOneCm":4813,"stat.useItem.minecraft.spawn_egg":4,"stat.useItem.minecraft.stone_slab2":1,"stat.diveOneCm":1214,"stat.pickup.flansmod.sentrygun":4}